Descricao;Valor
Placa de Vídeo Gigabyte NVIDIA GeForce RTX 2060 D6 6G, GDDR6 - GV-N2060D6-6GD;['3.599,90']
Placa de Vídeo Zotac NVIDIA GeForce RTX 3060 Ti Twin Edge LHR, 8GB, 14.0 Gbps, GDDR6, DLSS, Ray Tracing - ZT-A30610E-10MLHR;['5.799,90']
Placa de Vídeo Zotac Gaming NVIDIA GeForce RTX 2060, 6GB, GDDR6 - ZT-T20600H-10M;['3.599,90']
Placa de Vídeo Gigabyte NVIDIA GeForce RTX 3080 Ti Eeagle, RGB, 12G GDDR6X, 19000MHz, DLSS, Ray Tracing - GV-N308TEAGLE-12GD;['12.399,90']
Placa de Vídeo ZOTAC GAMING GeForce RTX 3060 Twin Edge - 15 Gbps, 12GB, GDDR6, Ray Tracing - ZT-A30600E-10M;['4.699,90']
Placa de Vídeo Gigabyte Aorus NVIDIA GeForce RTX 3060 Ti Elite (rev. 2.0), RGB, 8G GDDR6, DLSS, Ray Tracing - GV-N306TAORUS E-8GD;['6.999,90']
Placa de Vídeo Asus NVIDIA GeForce Rog Strix RTX 3060 Ti O8G V2 Gaming, RGB, 8GB GDDR6, DLSS, LHR, Ray Tracing;['6.999,90']
Placa de Vídeo Zotac NVIDIA GeForce RTX 3070 Twin Edge, 8GB, GDDR6, LHR - ZT-A30700E-10PLHR;['7.499,90']
Placa de Vídeo GALAX GeForce RTX 3060 (1-Click OC) LHR, 15 Gbps, 12GB GDDR6, Ray Tracing, DLSS - 36NOL7MD1VOC;['4.999,90']
Placa de Vídeo Asus NVIDIA GeForce ROG Strix RTX 3060 O12G V2 Gaming OC Edition, 12GB GDDR6, DLSS, Ray Tracing;['5.199,90']
Placa de Vídeo Asus Dual NVIDIA GeForce RTX 3060 TI O8G Mini V2 OC, RGB, 8GB GDDR6, LHR, DLSS, Ray Tracing - 90YV0FT2-M0NA00;['4.999,90']
Placa de Vídeo Asus NVIDIA GeForce KO RTX 3060 OC V2 Edition, 12G GDDR6, 15Gbps, LHR, ARGB, DLSS, Ray Tracing - 90YV0GC7-M0NA10;['4.799,90']
Placa de Vídeo Asus NVIDIA Dual GeForce RTX 2060 EVO OC, 6GB, GDDR6 - DUAL-RTX2060-O6G-EVO;['4.299,90']
Placa de Vídeo Asus NVIDIA GeForce TUF RTX 3060 Ti O8G V2 Gaming, 8GB GDDR6, DLSS, LHR, Ray Tracing;['5.699,90']
Placa de Vídeo Asus NVIDIA GeForce ROG Strix RTX 3070 O8G V2 Gaming, 8GB GDDR6, DLSS, LHR, Ray Tracing, RGB;['7.999,90']
Placa de Vídeo Asus NVIDIA GeForce DUAL RTX 3060 Ti O8G V2, RGB, 8GB GDDR6, DLSS, LHR, Ray Tracing;['5.799,90']
Notebook Gamer Gigabyte G5 Intel Core i5-10500H, 16GB, SSD 512GB, 15,6´ FHD 240Hz, Nvidia RTX 3060 6GB, Windows 10 Home, Preto - KC-5BR2130SH;['9.999,90']
Placa de Vídeo Asus ROG STRIX RTX 3070 Ti O8G Gaming LHR, 19 Gbps, 8GB GDDR6X, Ray Tracing, DLSS, RGB - 90YV0GW0-M0NA00;['8.999,90']
Placa de Vídeo Asus ROG STRIX RTX 3080 Ti O12G Gaming LHR, 19Gbps, 12GB GDDR6X, Ray Tracing, DLSS - 90YV0GT1-M0NM00  90YV0GT1-M0NA00;['14.399,90']
Placa de Vídeo Asus NVIDIA GeForce RTX 3090, 24GB, GDDR6X - ROG-STRIX-RTX3090-O24G-GAMING;['21.799,90']
Notebook Gamer Lenovo Legion 5i Intel Core i7-10750H, NVIDIA RTX 2060, 16GB RAM, SSD 512GB, Win 10 Home, Phantom Black - 82CF0002BR;['9.999,90']
Placa de Vídeo ASUS TUF RTX 3060 O12G V2 Gaming LHR, 15 Gbps, 12GB GDDR6, RGB, Ray Tracing, DLSS - 90YV0GC0-M0NA10;['5.199,90']
Placa de Vídeo Gigabyte NVIDIA GeForce RTX 3090 Turbo 24G, 24GB GDDR6X, DLSS, Ray Tracing - GV-N3090TURBO-24GD;['18.999,90']
Placa de Vídeo EVGA NVIDIA GeForce RTX 3060 Ti XC Gaming, 8GB GDDR6, DLSS, Ray Tracing, Metal Backplate, LHR - 08G-P5-3663-KL;['6.299,90']
Notebook Gamer Lenovo Legion 5i i7-10750H, NVIDIA GeForce RTX 2060, 16GB, HD 1TB, SSD 128GB, Windows 10, 15.6, Phantom Black - 82CF0004BR;['8.499,00']
Placa de Vídeo PCYES NVIDIA GeForce RTX 3060 Ti, RGB, 8GB GDDR6, LHR, DLSS, Ray Tracing - PP3060TI8DR6256 / 37028;['5.999,90']
Placa de Vídeo Asus ROG Strix NVIDIA GeForce RTX 3080 V2, 10GB, 19Gbps, GDDR6X, LHR, Ray Tracing, DLSS, RGB, Branco - ROG-STRIX-RTX3080-O10G-WHITE-V2;['12.399,90']
Placa de Vídeo ASUS ROG Strix GeForce RTX 3080 V2 OC Edition LHR, 19 Gbps, 10GB GDDR6X, Ray Tracing, RGB - ROG-STRIX-RTX3080-O10G-V2-GAMING;['11.299,90']
Placa de Vídeo ASUS ROG Strix LC GeForce RTX 3080 Ti OC Edição, 19 Gbps, 12GB GDDR6X, Water Cooler, RGB - ROG-STRIX-LC-RTX3080TI-O12G-GAMING;['15.499,90']
Placa de Vídeo Gigabyte NVIDIA GeForce RTX 3080 Ti VISION OC 12G LHR, 12 GB GDDR6X, RGB Fusion 2.0, Ray Tracing, DLSS - GV-N308TVISION OC-12GD;['12.499,90']
Placa de Vídeo Gigabyte NVIDIA GeForce RTX 3080 Ti Gaming, RGB, 12GB GDDR6X, 19000MHz, DLSS, Ray Tracing - GV-N308TGAMING OC-12GD;['13.999,90']
PC Gamer NAVE Urano AAT01 Ryzen R5 3600, 8GB RAM, SSD 256GB, HD 1TB, Geforce GTX 1660 Super, Linux - DNR5VB3F000;['7.225,90']
PC Gamer NTC Vulcano X Powered By Asus AMD Ryzen 7 3700x, NVIDIA Geforce RTX 2060, 16GB RAM, SSD 480GB, RGB, Linux, Preto - 7302;['11.136,90']
Placa de Vídeo Asus ROG Strix RTX 3070 V2 OC, 14 Gbps, O8G GDDR6, DLSS, LHR, Ray Tracing, White - 90YV0FR9-M0NA00;['8.799,90']
PC Gamer Concórdia Intel Core i7-10700F, RTX 2060, 16GB DDR4, HD 1TB, SSD 480GB, Fonte 650W, Windows 10 Pro - 30224;['10.999,90']
PC Gamer NTC Vulcano X Powered By Asus AMD Ryzen 5 3600, NVIDIA Geforce GTX 1650, 16GB RAM, SSD 480GB, RGB, Linux, Preto - 7301;['6.199,90']
Placa de Vídeo Gigabyte Aorus NVIDIA GeForce RTX 3090 Master 24G (rev. 1.0), RGB, 24GB, DLSS, Ray Tracing - GV-N3090AORUS M-24GD REV 1.0;['21.499,90']
Pc Gamer, Completo, Neologic Streamer, Nli82424, Intel I5-9400f, 16gb, gtx 1060 3gb, Ssd 240gb + Hd 1tb, 400w 80 Plus, 2 Monitores 21, Cadeira.;['8.970,00']
Pc Gamer Moba Box, Amd 3000g 16gb, (gtx 1060 3gb) Ssd 120gb, 400w 80 Plus - Nli82530;['5.309,55']
Pc Gamer, Completo, Neologic Streamer, Nli82432, Intel I5-9400f, 16gb, rtx 2060 6gb, Ssd 240gb + Hd 1tb, 600w 80 Plus, 2 Monitores 21, Cadeira;['10.721,00']
Pc Gamer, Completo, Neologic Streamer, Nli82432, Intel I5-9400f, 16gb, rtx 2060 6gb, Ssd 240gb + Hd 1tb, 600w 80 Plus, 2 Monitores 21, Cadeira;['10.721,00']
Par De Helice Drone Dji Matrice 300 Rtk 2110 (cw + Ccw);['2.299,00']
Pc Gamer Neologic, Ryzen 5 3600 16gb, gtx 1060 3gb, Ssd 480gb, 400w 80 Plus;['6.924,55']
"Kit - Pc Gamer Neologic Streamer Nli82422 Intel I5-9400f 16gb (gtx 1060 3gb) Ssd 240gb + Hd 1tb 400w 80 Plus + 2 Monitores 21,5""";['9.043,05']
Kit - Pc Gamer Neologic Streamer Nli82429 Intel I5-9400f 16gb (rtx 2060 6gb) Ssd 240gb + Hd 1tb 600w 80 Plus;['8.872,05']
Pc Gamer Smart Pc Smt81117 Intel I5 8gb (geforce Gtx 1060 3gb) 1tb;['4.625,55']
Pc Gamer Smart Pc, Intel I5, 8gb, (geforce Gtx 1060 3gb), 1tb + Ssd 120gb - Smt81121;['4.844,05']
PC Gamer Moba Box AMD 3000G, 8GB, GTX 1060 3GB, SSD 120GB, 400W 80 Plus - NLI82527;['4.901,05']
Placa De Vídeo Gainward Geforce RTX 3070 Ti Phoenix, 8gb, Gddr6x, 256bit - NED307T019P2-1046X;['10.629,41']
PC Gamer Neologic, AMD Ryzen 5 3600, 16GB, GTX 1050TI 4GB, HD 1TB, 400W 80 Plus - NLI82495;['6.069,55']
Pc Gamer Neologic Streamer Nli82428 Intel I5-9400f 16gb (rtx 2060 6gb) Ssd 240gb + Hd 1tb 600w 80 Plus;['8.368,55']
Pc Gamer Smart Pc Smt81125 Intel I5 8gb (geforce Gtx 1060 3gb) 1tb + Ssd 240gb;['4.958,05']
Kit - Pc Gamer Neologic Streamer Nli82430 Intel I5-9400f 16gb (rtx 2060 6gb) Ssd 240gb + Hd 1tb 600w 80 Plus + 2 Monitores 21,5;['10.867,05']
Pc Gamer Smart Pc Fortnite Smt81086 Intel I5 8gb (geforce Gtx 1060 3gb) 1tb;['4.701,55']
Placa de Vídeo Galax NVIDIA GeForce RTX 2060 6GB, GDDR6 - 26NRL7HPX7OC;['4.999,00']
Computador Skul Gamer 5000 Intel Core I5 9400F, 16Gb, SSD 240Gb, Rtx 2060, 6Gb, Fonte 650W;['9.685,45']
"Notebook Gamer Acer Predator Helios 300, Intel Core i7, 16GB, 1TB, 256SSD, RTX 2070, 144Hz, 15,6"", Win 10 - PH315-53-75XA";['9.499,00']
Notebook Gamer Predator Helios 300, Intel Core i7, 16GB, 512GB SSD, RTX 2070, MAX-Q 15,6'', Windows 10 - PH315-53-75NL;['9.299,00']
"Notebook Gamer Acer Predator Helios 300, Intel Core i7 10750 Hexa Core, 16GB DDR4, SSD 512GB, Geforce RTX 2060 6GB, Tela de 15.6"" com Windows 10, Preto - PH315-53-75N8";['8.299,00']
Placa de Vídeo Asus GeForce RTX 3070 TUF Gaming, 8GB, DDR6, 256 Bits - TUF-RTX3070-O8G-GAMING;['13.750,00']
Pc Gamer Neologic Dragon Diamond Nl82202 Intel I5 10400 8gb (rtx 3060 12gb) Ssd 240gb 600w 80 Plus;['9.651,05']
Pc Gamer Neologic,  Dragon Diamond Nli82207,  Intel I7 10700 16gb, rtx 3060 12gb, Ssd 240gb 600w, 80 Plus;['9.995,00']
Pc Gamer Neologic Dragon Diamond Nli82206 Intel I7 10700 8gb (rtx 3060 12gb) Ssd 240gb 600w 80 Plus;['10.506,05']
Computador Gamer Neologic Dragon Diamond NL82201, Intel I5 10400F, 16GB, RTX 3060 12GB, SSD 240GB, 600W;['9.345,00']
Pc Gamer Neologic Dragon Diamond Nl82200 Intel I5 10400f 8gb (rtx 3060 12gb) Ssd 240gb 600w 80 Plus.;['8.799,00']
Pc Gamer Neologic Dragon Diamond Nl82198 Intel I5 9400f 8gb (rtx 3060 12gb) Ssd 240gb 600w 80 Plus;['8.938,55']
Computador Gamer Neologic NL82212, Intel I7 10700, 8GB, RTX 3060 12GB, SSD 240GB, HD 1TB, 600W;['10.055,00']
Pc Gamer Neologic Dragon Diamond Nl82199 Intel I5 9400f 16gb (rtx 3060 12gb) Ssd 240gb 600w 80 Plus;['8.861,00']
Pc Gamer Neologic Dragon Diamond Nl82203 Intel I5 10400 16gb (rtx 3060 12gb) Ssd 240gb 600w 80 Plus;['10.059,55']
Placa de Vídeo Asus NVIDIA GeForce RTX 3070, 8GB, GDDR6 - RTX DUAL-RTX3070-O8G;['13.650,00']
Placa De Vídeo Colorful Nvidia GeForce RTX 2060 NB-V, 6GB, GDDR6, 192bit - 212327110831;['7.890,00']
Placa De Vídeo Asus Nvidia Tuf RTX 3080, 10GB, GDDR6X - Tuf-rtx3080-o10g-gaming;['19.800,00']
Placa de Vídeo Gpu RTX 3060 Revel Epic-x, RGB, 12GB, GDDR6, 192 Bits, Single-fan, PNY - VCG306012SFXPPBTF;['8.629,97']
Pc Gamer Neologic - Nli82405, Intel I3-10100f, 16GB, DDR4 (gtx 1060 3gb) HD, 1TB, 400W 80 Plus;['6.069,55']
Pc Gamer Neologic - Nli82404, Intel I3-10100f, 8GB DDR4 (gtx 1060 3gb) HD, 1TB, 400w, 80 Plus;['5.680,05']
Pc Gamer Neologic - Nli82403, Intel I5-10400f, 16GB, DDR4 (gtx 1060 3gb) HD, 1TB, 400W 80 Plus;['6.563,55']
Pc Gamer Neologic - Nli82400, Intel I5-9400f 8GB, DDR4, (gtx 1060 3gb) HD, 1TB 400w 80 Plus;['5.832,05']
Pc Gamer Neologic - Nli82401, Intel I5-9400f,  16GB, DDR4 (GTX 1060 3GB) HD 1TB 400W 80 Plus;['6.221,55']
Pc Gamer Neologic - Nli82402, Intel I5-10400f, 8GB, DDR4, (gtx 1060 3gb) HD, 1TB, 400W 80 Plus;['6.183,55']
Pc Gamer Neologic - Nli82406, Intel I7-10700f,  8GB, DDR4 (gtx 1060 3gb) HD 1TB 400w 80 Plus;['7.247,55']
Pc Gamer Neologic - Nli82407,  Intel I7-10700f, 16GB, DDR4 (gtx 1060 3gb) HD 1TB 400w 80 Plus;['7.637,05']
Placa De Vídeo Gainward Geforce Rtx 3060 Pegasus 12gb Gddr6 - Ne63060019k9-190ae;['6.290,00']
Kit - Pc Gamer Neologic Streamer - Nli82421 Intel I5-9400f 16GB (gtx 1060 3gb) SSD 240GB + Hd 1tb 400w 80 Plus;['7.048,05']
Pc Gamer Neologic Streamer - Nli82420, Intel I5-9400f, 16GB (gtx 1060 3gb) SSD, 240GB + Hd 1TB 400w 80 Plus;['6.544,55']
Placa De Vídeo Palit Geforce Rtx 3060 Dual Oc 12gb Gddr6;['11.016,00']
Placa de Vídeo Asus GeForce RTX 3060 TUF Gaming 12GB GDDR6 - TUF-RTX3060-O12G-GAMING;['7.899,00']
Placa De Vídeo, Zotac Gaming Geforce Rtx 3060, Twin Edge Oc 15 Gbps, 12gb, Gddr6 Ray Tracing - Zt-a30600h-10m;['7.650,00']
Placa de Vídeo GALAX GeForce RTX 3060 (1-Click OC) LHR, 15 Gbps, 12GB GDDR6, Ray Tracing, DLSS - 36NOL7MD1VOC;['5.140,90']
Placa De Video Gainward Geforce, Rtx 3060, Ghost, Ne63060019k9, 190au, 12gb, Gddr6 192, Bits Dual Fan;['4.688,99']
Placa De Video Gainward 12gb Rtx 3080 Ti, Phoenix G6x 384bits;['16.999,00']
Placa De Video Pny 12gb Rtx 3060, Revel Epic-x Rgb, Gddr6, 192 Bits, Single-fan;['7.590,00']
Notebook Gamer Legion  Lenovo I7, 16gb, 1tb+128gb Ssd, Nvidia  Geforce Rtxt 2060 - 82cf0004br;['10.445,86']
Placa De Vídeo Pny Geforce Rtx 3060 Revel Epic-x Rgb 12gb Gddr6 192 Bits - Vcg306012sfxppbtf;['7.450,00']
Computador Gamer Amd Ryzen 7 3700x Rtx 3060 12gb Ram 16gb Hd 1tb Ssd 240gb;['12.316,46']
Pc Gamer Amd Ryzen 7 5800x Rtx 3060 12gb Ram 16gb Hd 1tb Ssd 120gb;['13.487,82']
Pc Gamer Intel I7 10700kf Rtx 3060 12gb Ram 16gb Hd 1tb Ssd 240gb;['14.045,18']
Computador Gamer Amd Ryzen 5 5600x, Rtx 3060 12gb, Ram 16gb, Hd 1tb, Ssd 120gb;['12.299,99']
Notebook Dell Gamer ,15.6 Fhd 120hz, I7 10750h, 32gb, Ssd 512gb, Geforce Rtx 2060, Win 10, G3-3500;['12.679,99']
Notebook Dell Gamer G3, Tela 15.6 Full Hd 144hz, I7 10750h, 32gb, Ssd 1tb, Geforce Rtx 2060;['14.019,99']
Notebook Dell Gamer G3-3500-m40p - 15.6 Fhd 120hz, I7 10750h, 16gb, Ssd 512gb, Geforce Rtx 2060;['10.659,99']
Pc Gamer Fácil Asus Prime B450m Amd Ryzen 5 3600x 16gb Ddr4 Hd 1tb Geforce Rtx 3060 12gb - 750w;['9.933,00']
Placa De Vídeo Geforce RTX 3070 8GB, Twin Edge LHR, GDDR6, Zotac  - ZT-A30700E-10PLHR;['8.433,99']
Pc Gamer Fácil Asus Intel Core I7 9700f 16gb Ddr4 Ssd 960gb Geforce Rtx 3060 12gb - 750w;['11.729,00']
Pc Gamer Fácil Asus Intel Core I7 9700f 16gb Ddr4 Ssd 480gb Geforce Rtx 3060 12gb - 750w;['11.379,00']
Pc Gamer Fácil Asus Intel Core I7 9700f 16gb Ddr4 Hd 2tb Geforce Rtx 3060 12gb - 750w;['11.319,00']
Pc Gamer Fácil Asus Intel Core I7 9700f 16gb Ddr4 Ssd 240gb Geforce Rtx 3060 12gb - 750w;['11.199,00']
Pc Gamer Fácil Asus Intel Core I7 9700f, 16GB DDR4, HD 1TB, Geforce Rtx 3060 12gb - 750W;['10.039,00']
Placa de Video Asus Geforce Ko Rtx 3070 V2, Gaming Oc, 8gb, Gddr6, LHR - Ko-rtx3070-o8g-v2;['10.100,00']
Computador Gamer Overclock Extreme Ryzen 5600x, Rtx 3060, 16gb Ddr4, M.2 1tb;['20.478,00']
Placa de Vídeo PCYES NVIDIA GeForce RTX 3060 Ti, RGB, 8GB GDDR6, LHR, DLSS, Ray Tracing - PP3060TI8DR6256 / 37028;['6.328,90']
Placa De Vídeo Asus Geforce RTX 3070, Rog Strix V2 Lhr Oc, 8GB, GDDR6 - Rog-strix-rtx3070-o8g-v2-gaming;['10.043,40']
Placa De Vídeo Asus Geforce RTX 3070, Tuf Gaming Oc V2 LHR, 8GB, DDR6 - Tuf-rtx3070-o8g-v2-gaming;['10.043,40']
Placa De Vídeo Pny Rtx 3060, Revel Epic-x Rgb, 12gb, Gddr6, 192-bit, Single Fan - Vcg306012sfxppb;['10.250,83']
Placa De Vídeo Palit Geforce RTX 3070 Gamerock, 8GB, GDDR6;['13.966,00']
Placa de Video Galax GeForce RTX 3080 Ti HOF 12GB GDDR6X 384 bit - 38IOM5MD3BHX;['17.468,55']
Placa de Vídeo Asus NVIDIA TUF RTX 3090, 24GB, GDDR6X - TUF-RTX3090-O24G-GAMING;['---']
Computador Gamer Skul 3000 Intel Core i3-9100F, 8GB, HD 1TB, GTX 750TI 2GB, Linux - 33291;['---']
PC Gamer Skul 3000 Intel Core i3-9100F, 8GB, SSD 240GB, GTX 1050TI 4GB, Linux - 33288;['---']
Placa de Vídeo Gigabyte NVIDIA GeForce RTX 3090 Eagle OC, 24gb, GDDR6X - GV-N3090EAGLEOC-24GD;['---']
Placa de Vídeo ZOTAC GAMING GeForce RTX 3060 Twin Edge OC, 15 Gbps, 12GB, GDDR6, Ray Tracing - ZT-A30600H-10M;['---']
Placa de Vídeo EVGA GeForce RTX 3060 XC GAMING, 12GB GDDR6, DualFan, Metal Backplate, DLSS, Ray Tracing - 12G-P5-3657-KR;['---']
Placa de Vídeo Gigabyte GeForce RTX 3060 VISION OC 12G, 12GB GDDR6, RGB Fusion, Ray Tracing, Metal Back Plate - GV-N3060VISION OC-12GD;['---']
Notebook Gamer Gigabyte G5 Intel Core i7-10870H, 16GB, 512GB SSD, 15,6´ 240Hz, NVIDIA RTX 3060 6GB, Windows 10 Home, Preto - KC-8BR2130SH;['---']
Notebook Gamer Gigabyte G7 Intel Core i7-10870H, 16GB, 512GB SSD, 17,3´ 144Hz, Nvidia RTX 3060 6GB, Windows 10 Home, Preto - KC-8BR1130SH;['---']
Placa de Vídeo Gigabyte GeForce RTX 3080 Ti GAMING OC 12G LHR, 12GB GDDR6X, RGB Fusion, Ray Tracing - GV-N308TGAMING OC-12GD;['---']
Placa de Vídeo ASUS TUF NVIDIA GeForce RTX 3070 V2 OC Edition LHR, 14 Gbps, 8GB GDDR6, Ray Tracing, DLSS - TUF-RTX3070-O8G-V2-GAMING;['---']
Placa de Vídeo MSI NVIDIA GeForce RTX 3060 Ti Ventus 2X 8G, 14Gbps, GDDR6, OCV1, LHR, DLSS, Ray Tracing - 912-V397-233;['---']
Placa de Vídeo Gigabyte NVIDIA GeForce GTX 1060 WindForce OC 6G, GDDR5 - GV-N1060WF2OC-6GD;['---']
Computador Intel Extreme Masters Rawar Core i5-7600, 16GB, HD 1TB, SSD 120GB, VGA Asus GTX 1060 6GB, RW263PVM;['---']
Placa de Vídeo Zotac NVIDIA GeForce RTX 2060 Twin Fan 6GB, GDDR6 - ZT-T20600F-10M;['---']
Placa de Vídeo EVGA NVIDIA GeForce RTX 2060 XC 6GB, GDDR6 - 06G-P4-2063-KR;['---']
Placa de Vídeo Galax NVIDIA GeForce RTX 2060 6GB, GDDR6 - 26NRL7HPX7OC;['---']
Placa de Vídeo EVGA NVIDIA GeForce RTX 2060 SC Gaming, 6GB, GDDR6 - 06G-P4-2062-KR;['---']
Placa de Vídeo EVGA NVIDIA GeForce RTX 2060 Gaming, 6GB GDDR6 - 06G-P4-2060-KR;['---']
Placa de Vídeo Gigabyte NVIDIA GeForce RTX 2060 OC, 6GB, GDDR6, REV 2.0 - GV-N2060OC-6GD;['---']
Computador Gamer Skul 3000 Intel Core i3-9100F, 8GB, HD 500GB, RX 570 4GB, Linux - 33684;['---']
Placa de Vídeo EVGA NVIDIA GeForce RTX 2060 KO Gaming, 6GB, 14.0 Gbps, GDDR6, Ray Tracing, Ansel - 06G-P4-2066-KR;['---']
Computador Gamer Skul 3000 Intel Core i3-9100F, 8GB, SSD 240GB, RX 570 4GB, Linux - 34280;['---']
Computador Gamer Skul 3000 Intel Core i3-9100F, 8GB, 1TB, RX 570 4GB, Linux - 34282;['---']
Placa de Vídeo Zotac NVIDIA GeForce RTX 3080 LHR, 10GB, GDDR6X - ZT-A30800D-10P;['---']
Placa de Vídeo MSI NVIDIA Geforce RTX 3090 Ventus 3X 24G OC, GDDR6X;['---']
Placa de Vídeo MSI NVIDIA Geforce RTX 3080 Gaming X Trio 10G, GDDR6X;['---']
Placa de Vídeo MSI NVIDIA Geforce RTX 3080 Ventus 3X 10G OC, GDDR6X;['---']
Placa de Vídeo Asus NVIDIA TUF RTX 3080, 10GB, GDDR6X - TUF-RTX3080-O10G-GAMING;['---']
Placa de Vídeo Zotac GeForce RTX 3080, 10GB, GDDR6X - ZT-A30800J-10P;['---']
Placa de Vídeo Galax NVIDIA GeForce RTX 3090 SG (1-Click OC), 24GB, GDDR6X - 39NSM5MD1GNA;['---']
Placa de Vídeo Asus NVIDIA GeForce RTX 3080, 10GB, GDDR6X - ROG-STRIX-RTX3080-O10G-GAMING;['---']
Placa de Vídeo EVGA NVIDIA GeForce RTX 3080, 10GB, GDDR6X - 10G-P5-3885-KR;['---']
Placa de Vídeo EVGA NVIDIA GeForce RTX 3080, 10GB, GDDR6X - 10G-P5-3897-KR;['---']
Placa de Vídeo Gigabyte NVIDIA GeForce RTX 3080, 10GB, GDDR6X - GV-N3080GAMING OC-10GD;['---']
Placa de Vídeo PNY GEFORCE RTX 3090 XLR8, 24GB, GDDR6X - VCG309024TFXMPB;['---']
Placa de Vídeo Gigabyte NVIDIA GeForce RTX 3090 GAMING OC 24G, GDDR6X - GV-N3090GAMING OC-24GD;['---']
Placa de Vídeo EVGA NVIDIA GeForce RTX 3090, 24GB, GDDR6X - 24G-P5-3975-KR;['---']
Placa de Vídeo EVGA NVIDIA GeForce RTX 3090, 24GB, GDDR6X - 24G-P5-3987-KR;['---']
Placa de Vídeo Zotac NVIDIA GeForce RTX 3090 Trinity, 24GB, GDDR6X - ZT-A30900D-10P;['---']
Placa de Vídeo Asus NVIDIA GeForce RTX 3070, 8GB, GDDR6 - RTX DUAL-RTX3070-O8G;['---']
Placa de Vídeo Asus NVIDIA GeForce TUF Gaming RTX 3070, O8G, GDDR6 - TUF-RTX3070-O8G-GAMING;['---']
Placa de Vídeo Zotac NVIDIA GeForce RTX 3070 Twin Edge OC, 8GB, GDDR6 - ZT-A30700H-10P;['---']
Computador Gamer G-Fire Ryzen 5 3600, 16GB, SSD 256GB, Linux - HTG-R704 + Placa de Ví­deo Gigabyte AMD Radeon RX 580 Gaming, 8GB, GDDR5, REV2.0;['---']
Placa de Vídeo Gigabyte NVIDIA GeForce RTX 3070 Gaming OC 8G, 8gb, GDDR6 - GV-N3070GAMING OC-8GD;['---']
Placa de Vídeo MSI Geforce RTX 3070 Ventus 2X OC;['---']
Placa de Vídeo EVGA NVIDIA GeForce RTX 3070 FTW3 ULTRA GAMING, 8GB, GDDR6, ARGB LED, Metal Backplate iCX3 Cooling - 08G-P5-3767-KR;['---']
Placa de Vídeo Gigabyte NVIDIA GeForce RTX 3070 VISION OC 8G, 8GB, GDDR6 - GV-N3070VISION OC-8GD;['---']
Placa de Vídeo Gigabyte NVIDIA AORUS GeForce RTX 3070 MASTER, 8G, GDDR6 - GV-N3070AORUS M-8GD;['---']
Placa de Vídeo Gigabyte NVIDIA GeForce RTX 3060 Ti, 8GB, AORUS Master - GV-N306TAORUS M-8GD;['---']
Placa de Vídeo Gigabyte NVIDIA GeForce RTX 3060 Ti, 8GB, GAMING OC PRO - GV-N306TGAMINGOC PRO-8GD;['---']
Placa de Vídeo EVGA NVIDIA GeForce RTX 3060 Ti FTW3 ULTRA GAMING, 8GB, GDDR6 - 08G-P5-3667-KR;['---']
Placa de Vídeo EVGA NVIDIA GeForce RTX 3070 XC3 ULTRA GAMING, 8GB, GDDR6, iCX3 Cooling, ARGB LED - 08G-P5-3755-KR;['---']
Placa de Vídeo Gigabyte NVIDIA AORUS GeForce RTX 3080 Master, 10GB, GDDR6X - GV-N3080AORUS M-10GD;['---']
Placa de Vídeo Asus Rog Strix NVIDIA GeForce RTX 3090, 24GB, GDDR6 - ROG-STRIX-RTX3090-O24G-WHITE;['---']
Placa de Vídeo Asus Rog Strix NVIDIA GeForce RTX 3080, 10GB, GDDR6 - ROG-STRIX-RTX3080-O10G-WHITE;['---']
Placa de Vídeo Asus Rog Strix NVIDIA RTX 3070, 8GB, GDDR6 - ROG-STRIX-RTX3070-O8G-WHITE;['---']
Placa de Vídeo ASUS NVIDIA GeForce RTX 3090, 24GB GDDR6X, 19.5 Gbps, Ray Tracing, Suporte até 4 Telas - ROG-STRIX-RTX3090-24G-GAMING;['---']
Notebook Gamer Acer Nitro 5 AMD Ryzen 7-3750H 8GB 1TB SSD 128GB GeForce GTX 1650 4GB 15.6 AN515-43-R4C3 + Antivírus Norton 360 for Gamers;['---']
Placa de Vídeo ASUS Gaming NVIDIA GeForce RTX 3060 Ti, 14 Gbps, 8GB, GDDR6, DLSS, Ray Tracing - TUF-RTX3060TI-8G-GAMING;['---']
Placa de Vídeo Asus NVIDIA Geforce RTX 3090, 19.5 Gbps, 24GB, GDDR6X, Branco - ROG-STRIX-RTX3090-24G-WHITE;['---']
Placa de Vídeo Galax NVIDIA Geforce RTX 3070, 14 Gbps, 8GB, GDDR6, DLSS, Ray Tracing - 37NSL6MD2KOC;['---']
Placa de Vídeo Asus NVIDIA Geforce RTX 3070, 14 Gbps, 8GB, GDDR6, Ray Tracing, DLSS - RTX3070-8G-EK;['---']
Placa de Vídeo ASUS NVIDIA GeForce RTX 3060, 15 Gbps, 12GB GDDR6, Ray Tracing, DLSS - DUAL-RTX3060-O12G;['---']
Computador Gamer Skull AMD R5 3400G, 8GB, 1TB, SSD 240GB, GTX 1650, Linux + Antiví­rus Norton 360 Gamer para 3 Dispositivos - 21415189;['---']
Computador Gamer Skul 3000 i3-9100F, 8GB, SSD 240GB, Linux - 35072 + Placa de Vi­deo ASRock AMD RX 550 Phantom Gaming 2G - 90-GA0500-00UANF;['---']
Computador Gamer Skul 3000 Intel Core i3-9100F, 8GB, SSD 240GB, Linux - 35072 + Placa de Video Asus NVIDIA GeForce GTX 1050 Ti 4GB CERBERUS;['---']
Placa de Vídeo ZOTAC GAMING GeForce RTX 3090 Trinity OC, 19.5 Gbps, 24GB, GDDR6X, Ray Tracing, RGB - ZT-A30900J-10P;['---']
Placa de Vídeo Gigabyte GeForce RTX 3060 EAGLE 12G, 12GB GDDR6, RGB Fusion, Ray Tracing - GV-N3060EAGLE-12GD;['---']
Placa de Vídeo Aorus Geforce RTX 3080 GAMING BOX 10G, GDDR6X, RGB Fusion 2.0 - GV-N3080IXEB-10GD;['---']
Placa de Vídeo Gigabyte GeForce RTX 3060 Gaming OC 12G, 12 GB GDDR6, Ray Tracing, REV 1.0 - GV-N3060GAMINGOC-12GD;['---']
Placa de Vídeo MSI GeForce RTX 3060 VENTUS 2X 12G OC, 15 Gbps, 12GB GDDR6, Ray Tracing;['---']
Placa de Vídeo ASUS GeForce RTX 3060, 15 Gbps, 12GB GDDR6, Ray Tracing, DLSS - KO-RTX3060-O12G-GAMING;['---']
Placa de Vídeo Gigabyte AORUS RTX 3090 GAMING BOX, 24GB GDDR6X, RGB Fusion e WaterForce - GV-N3090IXEB-24GD;['---']
Placa de Vídeo MSI NVIDIA GeForce RTX 3080 GAMING Z TRIO, 19 Gbps, 10GB, GDDR6X, DLSS, Ray Tracing, RGB - RTX 3080 GAMING Z TRIO 10G;['---']
Placa de Vídeo Galax Geforce RTX 3070 Ti SG LHR , 19 Gbps, 8GB GDDR6X, RGB, Ray Tracing, DLSS - 37ISM6MD4BSG;['---']
Placa de Vídeo EVGA GeForce RTX 3080 Ti XC3 ULTRA GAMING, 12GB GDDR6X, ARGB LED, Metal Backplate, DLSS, Ray Tracing - 12G-P5-3955-KR;['---']
Placa de Vídeo EVGA GeForce RTX 3080 Ti FTW3 ULTRA GAMING LHR, 12GB GDDR6X, ARGB LED, Metal Backplate, DLSS, Ray Tracing - 12G-P5-3967-KR;['---']
Placa de Vídeo Asus TUF RTX 3070 Ti O8G Gaming LHR, 19 Gbps, 8GB GDDR6X, Ray Tracing, DLSS - 90YV0GY0-M0NA00;['---']
Placa de Vídeo Zotac GEFORCE RTX 3080 Ti TRINITY LHR, 19Gbps, 12GB GDDR6X, com RGB, Ray Tracing, DLSS e IceStorm 2.0 - ZT-A30810D-10P;['---']
Placa de Vídeo EVGA GeForce RTX 3070 Ti  FTW3 Ultra Gaming LHR, 8GB GDDR6X, Ray Tracing, DLSS, ARGB - 08G-P5-3797-KL;['---']
Placa de Vídeo Asus ROG STRIX NVIDIA RTX 3070 Ti 8G Gaming, 19 Gbps, 8GB GDDR6X, RGB, Ray Tracing, DLSS - 90YV0GW1-M0NA00;['---']
Placa de Vídeo Asus TUF NVIDIA RTX 3070 TI 8G Gaming, 19 Gbps, 8GB GDDR6X, Ray Tracing, DLSS - 90YV0GY1-M0NA00;['---']
Placa de Vídeo NVIDIA GeForce RTX 3080 Ti GAMING X TRIO 12G, 19 Gbps, 12GB GDDR6X, RGB, Ray Tracing, DLSS;['---']
Placa de Vídeo Nvidia GeForce RTX 3080 Ti VENTUS 3X 12G OC, 19 Gbps, 12GB GDDR6X, Ray Tracing, DLSS;['---']
Placa de Vídeo MSI NVIDIA GeForce RTX 3070 Ti VENTUS 3X 8G OC LHR, 19 Gbps, 8GB GDDR6X, Ray Tracing, DLSS;['---']
Placa de Vídeo Zotac NVIDIA GeForce RTX 3070 Ti TRINITY LHR, 19 Gbps, 8GB GDDR6X, Ray Tracing, DLSS, RGB - ZT-A30710D-10P;['---']
Placa de Vídeo Zotac NVIDIA GeForce RTX 3080 TRINITY LHR, 10GB, 19 Gbps, GDDR6X, Ray Tracing, DLSS, RGB - ZT-A30800D-10PLHR;['---']
Computador Gamer HookPCs, Ryzen 9 3900x, 16GB, SSD24,0 Rtx 2060, 600w;['---']
Computador Hook Gamer, I9 9900k, 16gb, Ssd240, Hdd 1tb, Rtx 2060, 750w;['---']
Placa de Vídeo Gigabyte Aorus NVIDIA GeForce RTX 3090 Xtreme Waterforce, RGB, 24G, GDDR6X, DLSS, Ray Tracing - GV-N3090AORUSX W-24GD;['---']
Placa de Vídeo Gigabyte Aorus NVIDIA GeForce RTX 3090 Xtreme Waterforce WB, RGB, 24G, DLSS, Ray Tracing - GV-N3090AORUSX WB-24GD;['---']
Placa de Vídeo Gigabyte NVIDIA GeForce RTX 3070 Ti Gaming OC LHR, RGB, 8G, GDDR6X, DLSS, Ray Tracing - GV-N307TGAMING OC-8GD;['---']
Placa de Vídeo Gigabyte Aorus NVIDIA GeForce RTX 3060 Elite, RGB, 12G, GDDR6, DLSS, Ray Tracing - GV-N3060AORUS E-12GD (rev 2.0);['---']
Placa de Víeo EVGA NVIDIA GeForce RTX 3080 FTW3 Ultra Hybrid Gaming, ARGB LED, 10GB, GDDR6X, Metal Backplate - 10G-P5-3898-KR;['---']
Placa de Vídeo Gigabyte AORUS NVIDIA GeForce RTX 3070 Ti MASTER 8G LHR,  8GB GDDR6X, RGB Fusion 2.0, Ray Tracing, DLSS - GV-N307TAORUS M-8GD;['---']
Pc Gamer Hook, I9 9900k, 16gb, Ssd240, Hdd 1tb, Rtx 2060, 750w;['---']
Computador Gamer, Hook, Ryzen 9, 3900x, 16gb, Ssd240, Rtx ,2060, 600w;['---']
Computador Gamer, Hook, Ryzen 5, 3600, 8gb, Ssd240, Gtx 1660, 6gb, 500w;['---']
Placa de Vídeo Gigabyte NVIDIA GeForce RTX 3070 Gaming OC 8G 8gb GDDR6 GV-N3070GAMING OC-8GD;['---']
Placa de Video Gigabyte GeForce RTX 3060 Gaming OC 12G LHR, 12 GB GDDR6, REV 2.0, Ray Tracing - GV-N3060GAMING;['---']
Placa de Vídeo Asus NVIDIA GeForce TUF RTX 3080 0O10G V2 Gaming, RGB, 19 Gbps, 10GB GDDR6X, DLSS, LHR, Ray Tracing, LED;['---']
Kit Notebook Gamer Lenovo Intel Core i7,GTX 1650 4GB, 8GB, 512GB SSD, 15.6´, Win10H + Norton Antivírus 360 Gamer- 3 PCs - Digital para download;['---']
Kit Placa de Vídeo Gigabyte Aorus NVIDIA GeForce RTX 3060 Elite + Placa de Som Asus Xonar SE + Drive ASUS Gravador Externo CD, DVD, ZenDrive U9;['---']
Kit Placa de Vídeo Gigabyte Aorus NVIDIA GeForce RTX 3060 Elite + Placa de Som Asus Xonar U7 MKII + Drive ASUS Gravador Externo Stylish Diamond;['---']
Kit Notebook Gamer Lenovo Core i7-10750H, NVIDIA GTX 1650 4GB, 8GB, 512GB SSD, 15.6´, Win10 H + Norton Antivírus 360 for Gamers 3 PCs, Digital;['---']
Placa de Vídeo MSI NVIDIA GeForce RTX 3060 Ti Gaming X, 8G, 14Gbps, GDDR6, RGB, LHR, DLSS, Ray Tracing - 912-V397-234;['---']
Placa de Vídeo EVGA NVIDIA GeForce RTX 3080 FTW3 Ultra Gaming, 10GB GDDR6X, iCX3 Technology, ARGB, DLSS, Ray Tracing, LHR - 10G-P5-3897-KL;['---']
Placa De Video Afox Nvidia Geforce Gtx 1060 3gb Gddr5 Dp Dvi Hdmi Af1060-3072d5h7;['---']
PC Gamer NTC Vulcano X Powered By Asus AMD Ryzen 7 5800X, NVIDIA Geforce RTX 2060, 16GB RAM, SSD 480GB, RGB, Linux, Preto 7304;['---']
Kit Placa de Vídeo NVIDIA RTX 3070 Ti TRINITY LHR, 8GB GDDR6X + Fonte Asus ROG-STRIX-750G, 750W, 80 Plus Gold + Drive Gravador CD/DVD/Blu-Ray;['---']
Kit Placa de Vídeo Zotac NVIDIA RTX 3070 Ti, 19 Gbps, 8GB GDDR6X + Fonte EVGA 750 GA, 750W, 80 Plus Gold + Drive ASUS Gravador CD/DVD ZenDrive;['---']
Kit Placa de Vídeo NVIDIA RTX 3070 Ti,19 Gbps, 8GB GDDR6X, Ray Tracing + Fonte Corsair RM750, 750W + Drive Gravador CD/DVD ZenDrive Ultra-Slim;['---']
Placa de Vídeo Galax NVIDIA GeForce RTX 3080 Ti HOF, 19Gbps, 12GB, GDDR6X, RGB, DLSS, Ray Tracing, Branco - 38IOM5MD3BHX;['---']
Placa de Vídeo Galax NVIDIA GeForce RTX 3060 Ti 1-Click OC, 8GB, GDDR6, LHR, DLSS, Ray Tracing, Preto - 36ISL6MD1VQW;['---']
Placa de Vídeo Asus NVIDIA ROG Strix RTX 3060 Ti 8G V2 Gaming, RGB, 8GB GDDR6, DLSS, LHR, Ray Tracing;['---']
Placa de Vídeo Asus KO NVIDIA GeForce RTX 3060 Ti V2, ARGB, 8GB GDDR6, DLSS, LHR, Ray Tracing - 90YV0G1H-M0NA00;['---']
Placa de Vídeo EVGA NVIDIA GeForce RTX 3080 Ti FTW3 Ultra Hydro Copper Gaming, 12GB GDDR6X, ARGB LED, LHR, DLSS, Ray Tracing - 12G-P5-3969-KR;['---']
Placa de Vídeo EVGA NVIDIA GeForce RTX 3080 Ti FTW3 Ultra Hybrid Gaming, 12GB GDDR6X, iCX3, ARGB LED, LHR, DLSS, Ray Tracing - 12G-P5-3968-KR;['---']
Placa de Vídeo EVGA NVIDIA GeForce RTX 3080 Ti XC3 Ultra Hydro Cooper Gaming, 12GB GDDR6X, ARGB LED, LHR, DLSS, Ray Tracing - 12G-P5-3959-KR;['---']
Placa de Vídeo EVGA NVIDIA GeForce RTX 3080 Ti XC3 Gaming, 12GB GDDR6X, iCX3 Cooling, ARGB LED, LHR, DLSS, Ray Tracing - 12G-P5-3953-KR;['---']
Placa de Vídeo EVGA NVIDIA GeForce RTX 3080 XC3 Ultra Gaming, 10GB GDDR6X, iCX3 Cooling, ARGB LED, LHR, DLSS, Ray Tracing - 10G-P5-3885-KL;['---']
Placa de Vídeo EVGA NVIDIA GeForce RTX 3070 FTW3 Ultra Gaming, 8GB GDDR6, iCX3 Technology, ARGB LED, LHR, DLSS, Ray Tracing - 08G-P5-3767-KL;['---']
Placa de Vídeo EVGA NVIDIA GeForce RTX 3070 XC3 Ultra Gaming, 8GB GDDR6, iCX3 Cooling, ARGB LED, LHR, DLSS, Ray Tracing - 08G-P5-3755-KL;['---']
Placa de Vídeo EVGA NVIDIA GeForce RTX 3060 Ti XC BLACK Gaming, 8GB GDDR6, LHR, DLSS, Ray Tracing - 08G-P5-3661-KR;['---']
Placa de Vídeo Gigabyte NVIDIA GeForce RTX 3060 Ti Gaming (rev. 2.0), RGB, 8G GDDR6, DLSS, Ray Tracing - GV-N306TGAMING OC-8GD;['---']
Kit Placa de Vídeo NVIDIA RTX 2060 SC Gaming, 6GB, GDDR6 + Fonte EVGA 600W, 80 Plus Bronze + Cooler FAN Corsair ML140 Premium, 140mm;['---']
Kit Placa de vídeo NVIDIA RTX 2060 XC 6GB, GDDR6 + Fonte EVGA 600W, 80 Plus Bronze + Drive ASUS Gravador Externo CD/DVDZenDrive U7M, Ultra-Slim;['---']
Placa De Vídeo, Palit, Geforce, Rtx 3060 Ti Dual, 8gb, Gddr6, Ne6306t019p2-190ad;['---']
Placa de Vídeo MSI NVIDIA GeForce RTX 3060 Ti Ventus 3X OC, 8GB, LHR, DLSS, Ray Tracing - GeForce RTX 3060 Ti VENTUS 3X 8G OC LHR;['---']
Kit Placa de Vídeo Galax NVIDIA GeForce RTX 2060 6GB, GDDR6 + Placa de Som Asus Strix Raid Pro, PCIe, Canal 7.1;['---']
Placa de Vídeo EVGA GeForce RTX 3070 Ti XC3 Ultra Gaming, ARGB LED, 8GB GDDR6X, iCX3 Cooling, DLSS, Ray Tracing - 08G-P5-3785-KL;['---']
PC Gamer Concórdia i7-10700F, RTX 2060, 16GB DDR4, HD 1TB, SSD 480GB + Cadeira Gamer Husky + Monitor Gamer UltraGear + Kit Periféricos Sem Fio;['---']
Placa de Vídeo Asus DUAL NVIDIA Geforce RTX 3060 TI 8G Mini V2, RGB, 8GB GDDR6, LHR, DLSS, Ray Tracing - 90YV0FT3-M0NA00;['---']
Placa De Vídeo Geforce RTX 3060 OC, 12GB, Twin Edge, GDDR6, Zotac - ZT-A30600E-10M;['---']
Kit Placa de Vídeo Gigabyte NVIDIA GeForce RTX 3060 Ti Gaming (rev. 2.0) + Fonte Gigabyte 550W + Placa-Mãe Gigabyte Z490M Gaming X;['---']
Kit Placa de Vídeo Gigabyte NVIDIA GeForce RTX 3060 Eeagle (rev. 2.0) + Fonte Gigabyte GP-P550B 550W + Placa-Mãe Gigabyte B450M DS3H, AMD, DRR4;['---']
Kit Placa de Vídeo Gigabyte NVIDIA GeForce RTX 3080 Ti VISION OC 12G LHR + Fonte XPG Core Reactor, 750W + COOLER FAN RISE MODE AQUA MOTHERBOARD;['---']
Pc Gamer Neologic,Ryzen 5 3600 8gb, gtx 1050ti 4gb, SSD 240gb, 400w 80 Plus;['---']
Computador Gamer Neologic, Ryzen 5 3600 8gb, gtx 1050ti 4gb, SSD 480gb, 400w 80 Plus.;['---']
Pc Gamer Neologic Gta Rp Nli83115 Amd Ryzen 5 3600 16gb (rx 560 4gb) 1tb 500w 80 Plus;['---']
Pc Gamer Neologic Nli82488 Ryzen 5 3600 8gb (gtx 1650 4gb) Ssd 240gb 400w 80 Plus;['---']
Pc Gamer Neologic, Ryzen 5 3600 16gb, gtx 1650 4gb, SSD 480gb, 400w 80 Plus;['---']
Pc Gamer Neologic, Ryzen 5 3600 8gb, gtx 1650 4gb, SSD 480gb, 400w 80 Plus;['---']
Pc Gamer Neologic Gta Rp Nli83112 Amd Ryzen 5 3600 8gb (rx 560 4gb) 1tb 500w 80 Plus;['---']
Pc Gamer Neologic Gta Rp Nli83112 Amd Ryzen 5 3600 8gb (rx 560 4gb) 1tb 500w 80 Plus;['---']
Pc Gamer Neologic,  Ryzen 5 3600 16gb, gtx 1650 4gb, Hd 1tb, 400w 80 Plus;['---']
PC Gamer Neologic, AMD Ryzen 5 3600, 16GB, GTX 1050TI 4GB, SSD 480GB, 400W 80 Plus - NLI82497;['---']
Pc Gamer Neologic, Ryzen 5 3600 16gb, gtx 1650 4gb, SSD 240gb, 400w 80 Plus;['---']
Pc Gamer Neologic, Ryzen, 5 3600 16GB (gtx 1060 3gb) Ssd 240GB, 400w 80 Plus;['---']
Pc Gamer Neologic, Ryzen 5 3600 8gb, gtx 1060 3gb, SSD 480gb, 400w 80 Plus;['---']
Pc Gamer Neologic, Amd Ryzen 5 3600, 8gb, Ddr4 (gtx 1060 3gb), Hd 1tb, 400w 80 Plus - Nli82414;['---']
Pc Gamer Neologic, Amd Ryzen 5 3600, 16gb Ddr4, (gtx 1060 3gb), Hd 1tb, 400w 80 Plus - Nli82415;['---']
Pc Gamer Neologic, Ryzen 5 3600, 8GB, gtx 1060 3GB, SSD 240GB, 400w 80 Plus;['---']
Notebook Gamer Acer Predator Helios 300,  GTX 1660TI, Core i7, 16GB, SSD 128GB, HD 1TB, Win10 - PH315-52-748u;['---']
Computador Gamer 5000 - Ryzen 5 3600 3.6Ghz Mem. 8Gb Ddr4 Hd 1Tb Rx 570 4Gb Fonte 600W;['---']
Computador Gamer 3000 - Ryzen 3 3200G 3.6Ghz Mem. 8Gb Ddr4 Ssd 240Gb Rx 570 4Gb Fonte 400W;['---']
Computador Gamer 3000 - I3 9100F 3.6Ghz 9ª Ger. Mem. 8Gb Ddr4 Hd 1Tb Gtx 1650 4Gb Fonte 400W;['---']
Computador Gamer 3000 - I3 9100F 3.6Ghz 9ª Ger. Mem. 8Gb Ddr4 Hd 1Tb Rx 570 4Gb Fonte 400W;['---']
Computador Gamer Skul 3000 Intel Core i3-9100F, 8GB, HD 1TB, GTX 1050TI 4GB, Linux - 33290;['---']
Computador Skill Gamer com Processador AMD Ryzen 5 3600, 8GB DDR4, Radeon RX 580 8GB, SSD 480GB, Fonte Gamer 500W;['---']
Computador Skill Gamer com Processador AMD Ryzen 5 3600, 8GB DDR4, Geforce GTX 1660 Super 6GB, HD 1TB, Fonte Gamer de 500W;['---']
Computador Skill Gamer com Processador AMD Ryzen 5 3600, 8GB DDR4, Geforce GTX 1660 Super 6GB, SSD 480GB, Fonte Gamer 500W;['---']
PC Gamer Completo XP Intel Core i7 8GB (Placa de vídeo Geforce RTX 2060 6GB) HD 2TB 500W 3green Monitor 21,5 Prata 75Hz;['---']
PC Gamer Completo XP Intel Core i5 8GB (Placa de vídeo Geforce RTX 2060 6GB) SSD 240GB 500W 3green Monitor 21,5 Prata 75Hz;['---']
"PC Gamer Completo XP 3Green, Intel Core i5, 8Gb,SSD 240Gb, Geforce RTX 2060 6Gb, Fonte 500W com Monitor 21.5"" Prata - Linux";['---']
"PC Gamer Completo XP 3Green, Intel Core i7, 8Gb, SSD 240Gb, Geforce RTX 2060 6Gb, Fonte 500W com Monitor 21.5"" Prata - Linux";['---']
"PC Gamer Completo XP 3Green, Intel Core i5, 8Gb, HD 2Tb, Geforce RTX 2060 6Gb, Fonte 500W com Monitor 21.5"" Prata - Linux";['---']
Computador PC Gamer Completo 3green XP Intel Core i7, 8GB, Placa de vídeo Geforce RTX 2060 6GB, HD 2TB, 500W, Monitor 21.5, 75Hz, Prata;['---']
"Computador PC Gamer 3green Completo XP Intel Core i7 8GB, RTX 2060 6GB, SSD 120GB, HD 2TB, 500W, Monitor 21,5"", Prata 75Hz";['---']
"PC Gamer Completo XP 3Green, Intel Core i7, 8Gb, SSD 240Gb, Geforce RTX 2060 6Gb, Fonte 500W com Monitor 21.5"" Prata - Linux";['---']
PC Gamer Completo XP, Intel Core i5, 8GB, (Placa de vídeo Geforce RTX 2060 6GB), SSD 120GB, HD 2TB, 500W, 3green Monitor 21.5'' Prata, 75Hz - Linux;['---']
Computador PC Gamer Completo 3green XP Intel Core i7, 8GB, Placa de vídeo Geforce RTX 2060 6GB, SSD 120GB, HD 2TB, 500W, Monitor 21.5, 75Hz, Prata;['---']
Computador PC Gamer Completo 3green XP Intel Core i5, 8GB, Placa de vídeo Geforce RTX 2060 6GB, SSD 120GB, HD 2TB, 500W, Monitor 21.5, 75Hz, Prata;['---']
Computador PC Gamer Completo 3green XP Intel Core i5, 8GB, Placa de vídeo Geforce RTX 2060 6GB, HD 2TB, 500W, Monitor 21.5, 75Hz, Prata;['---']
Notebook Gamer Predator Helios 300, Intel Core i5-10300H, 8GB, 256GB SSD, GTX 1660, 1TB HD, Tela 15.6'', Windows 10 - PH315-53-52J6;['---']
Computador 3Green PC Gamer XP Intel Core i7, RAM 8GB, Geforce RTX 2060 6GB, SSD 240GB, 500W;['---']
Computador 3Green PC Gamer XP Intel Core i7, RAM 8GB, Geforce RTX 2060 6GB, SSD 240GB, 500W;['---']
Computador 3Green PC Gamer XP Intel Core i7, RAM 8GB, Geforce RTX 2060 6GB, SSD 120GB, HD 2TB, 500W;['---']
Computador 3Green PC Gamer XP Intel Core i7, RAM 8GB, Geforce RTX 2060 6GB, SSD 120GB, HD 2TB, 500W;['---']
Computador 3Green PC Gamer XP Intel Core i7, RAM 8GB, Geforce RTX 2060 6GB, HD 2TB, 500W;['---']
Computador 3Green PC Gamer XP Intel Core i7, RAM 8GB, Geforce RTX 2060 6GB, HD 2TB, 500W;['---']
Computador Gamer XP 3Green, Intel Core i5, 8GB RAM, RTX 2060 6G, HD 2TB, 500W;['---']
Computador Gamer XP 3Green, Intel Core i5, 8GB RAM, RTX 2060 6GB, SSD 120GB, HD 2TB, 500W;['---']
Computador Gamer XP 3Green, Intel Core i5, 8GB RAM, RTX 2060 6GB, SSD 120GB, HD 2TB, 500W;['---']
Computador Gamer XP 3Green, Intel Core i5, 8GB RAM, RTX 2060 6GB, SSD 240GB, 500W;['---']
Computador Gamer XP 3Green, Intel Core i5, 8GB RAM, RTX 2060 6GB, SSD 240GB, 500W;['---']
Notebook Predator Helios 300, Intel Core i7, 16GB, 256GB SSD, 1TB HD, RTX 2070, 15.6', Endless OS - PH315-53-735Y;['---']
Pc Gamer Neologic Nli81726 Ryzen 5 3600 8gb (gtx 1050ti 4gb) 1tb;['---']
Computador Gamer Neologic Dragon Diamond NLI82209, Ryzen 5 3600, 16GB, RTX 3060 12GB, SSD 240GB, 600w;['---']
Pc Gamer Neologic Dragon Diamond Nli82208 Ryzen 5 3600 8gb (rtx 3060 12gb) Ssd 240gb 600w 80 Plus;['---']
Pc Gamer Neologic Nli81728 Ryzen 5 3600 8gb (gtx 1650 4gb) 1tb;['---']
"Notebook Acer Predator Triton 300, Intel Core I7-11370H 11 Geracao, Geforce Rtx 3060, 24GB, 1TB SSD, Windows 10, Tela 14""";['---']
Placa De Vídeo Asus Geforce Rtx 3060 Oc Edition, 12GB, Gddr6, 192 Bits - Dual-rtx3060-o12g;['---']
Computador Gamer 3000 - I3 9100F 3.6GHZ 9A GER. MEM. 8GB DDR4 SSD 120GB HD 1TB GTX 1050TI 4GB Fonte 500W;['---']
Placa De Vídeo Asus Geforce RTX 2060, 6GB, GDDR6, 192 Bits - Dual-rtx2060-o6g-evo;['---']
Placa de Vídeo Galax NVIDIA Geforce RTX 3070, Sem LHR, 14 Gbps, 8GB, GDDR6, DLSS, Ray Tracing - 37NSL6MD2KOC;['---']
Pc Gamer E-sports Box Neologic Nli81754 Ryzen 5 3600 8gb (gtx 1660 Super 6gb) 1tb;['---']
"Notebook Gamer Acer Predator Helios 300 Intel Core i7-10750H, 16GB, 256GB SSD, Hd 1tb, Rtx 2060, Tela 15,6"", Windows 10 - Ph315-53-74bc";['---']
Placa de Vídeo Gainward GeForce RTX 3060 Ti Ghost 8GB GDDR6 - NE6306T019P2-190AB;['---']
Placa De Vídeo Gainward Geforce RTX 3080 Phoenix 10GB GDDR6X 320 Bit - NED3080019IA-132AX;['---']
Placa de Vídeo Gainward GeForce RTX 3080 Phoenix GS 10GB GDDR6 - NED3080S19IA-132AX;['---']
Placa De Vídeo Zotac Geforce Rtx 3070 Twin Edge Oc 8gb Gddr6 - Zt-a30700h-10p;['---']
Placa De Video Evga Geforce Rtx 3070 Xc3 Ultra Gaming 8gb Gddr6 - 08g-p5-3755-kr;['---']
Pc Gamer Neologic Powered By Asus Nli82376 Ryzen 5 3600, 8GB Ddr4 (gtx 1050ti 4gb) HD 1TB 400w 80 Plus;['---']
Placa De Vídeo Galax Nvidia Geforce Rtx 3080 Ti Sg 1 Click Oc 12gb Gddr6x - 38iom5md99dd;['---']
Pc Gamer E-sports Box Neologic Nli82446 Ryzen 7 3700x 16gb (gtx 1060 3gb) Ssd 240gb 400w 80 Plus;['---']
Pc Gamer E-sports Box Neologic Nli82451 Ryzen 7 3700x 16gb (rtx 2060 6gb) Hd 1tb 400w 80 Plus;['---']
Pc Gamer Neologic Nli82412 Amd Ryzen 5 3500 8gb Ddr4 (gtx 1060 3gb) Hd 1tb 400w 80 Plus;['---']
Pc Gamer E-sports Box Neologic Nli82468 Ryzen 5 3600 8gb (gtx 1660 Super 6gb) Ssd 480gb 400w 80 Plus;['---']
Pc Gamer E-sports Box Neologic Nli82469 Ryzen 5 3600 16gb (gtx 1660 Super 6gb) Hd 1tb 400w 80 Plus;['---']
Pc Gamer E-sports Box Neologic, Ryzen 7 3700x, 16gb (gtx 1060 3gb), Ssd 480gb, 400w 80 Plus - Nli82447;['---']
Pc Gamer E-sports Box Neologic Nli82443 Ryzen 7 3700x 8gb (rtx 2060 6gb) Ssd 240gb 400w 80 Plus;['---']
Pc Gamer E-sports Box Neologic Nli82466 Ryzen 5 3600 8gb (gtx 1660 Super 6gb) Hd 1tb 400w 80 Plus;['---']
Pc Gamer E-sports Box Neologic Nli82471 Ryzen 5 3600 16gb (gtx 1660 Super 6gb) Ssd 480gb 400w 80 Plus;['---']
Pc Gamer E-sports Box Neologic, Ryzen 7 3700x, 16gb, (rtx 2060 6gb) Ssd 480gb, 400w 80 Plus -  Nli82453;['---']
Pc Gamer E-sports Box Neologic Nli82470 Ryzen 5 3600 16gb (gtx 1660 Super 6gb) Ssd 240gb 400w 80 Plus;['---']
Pc Gamer Neologic Nli82413 Amd Ryzen 5 3500 16gb Ddr4 (gtx 1060 3gb) Hd 1tb 400w 80 Plus;['---']
Pc Gamer E-sports Box Neologic - Nli82445 Ryzen 7 3700x 16GB (gtx 1060 3gb) HD, 1TB, 400W, 80 Plus;['---']
PC Gamer E-Sports Box Neologic, Ryzen 7 3700X, 16GB, RTX 2060 6GB, SSD 240GB, 400W 80 Plus - Nli82452;['---']
Pc Gamer E-sports Box Neologic - Nli82436 Ryzen 7 3700x 8GB (gtx 1060 3gb) HD 1TB 400w 80 Plus;['---']
Pc Gamer E-sports Box Neologic - Nli82437 Ryzen 7 3700x 8GB (gtx 1060 3gb) SSD 240GB, 400w 80 Plus;['---']
Pc Gamer E-sports Box Neologic Nli82467 Ryzen 5 3600 8gb (gtx 1660 Super 6gb) Ssd 240gb 400w 80 Plus;['---']
Pc Gamer E-sports Box Neologic, Ryzen 7 3700x, 8gb (rtx 2060 6gb), Ssd 480gb, 400w 80 Plus - Nli82444;['---']
Pc Gamer Neologic Powered By Asus Nli82392 Ryzen 5 3600 8gb Ddr4 (gtx 1660 Super 6gb) Hd 1tb 400w 80 Plus;['---']
Computador Gamer Neologic, Ryzen 7 3700x 8gb, rtx 2060 6gb, Hd 1tb, 400w, 80 Plus - NLI82442;['---']
Pc Gamer Neologic Streamer Nli82426 Intel I5-9400f 16gb (gtx 1060 3gb) Ssd 240gb + Hd 1tb 400w 80 Plus + 2 Monitores 21,5;['---']
Placa De Vídeo, Evga, Geforce Rtx 2060 Xc, 6gb, Gddr6, 192bit;['---']
Pc Gamer Neologic, Ryzen 5 3600 16GB, GTX 1050ti 4GB, SSD 240GB, 400w 80 Plus;['---']
PC Gamer Neologic Dragon Gold AMD Ryzen 5 3600, 16GB, GTX 1660 6GB, HD 1TB, SSD 240GB, NLI82596;['---']
Pc Gamer Neologic Nli82486 Ryzen 5 3500 16gb (gtx 1060 3gb) Ssd 240gb 400w 80 Plus;['---']
Pc Gamer Neologic Nli82485 Ryzen 5 3500 8gb (gtx 1060 3gb) Ssd 480gb 400w 80 Plus;['---']
Pc Gamer Neologic Nli82484 Ryzen 5 3500 8gb (gtx 1060 3gb) Ssd 240gb 400w 80 Plus;['---']
Pc Gamer Neologic Nli82487 Ryzen 5 3500 16gb (gtx 1060 3gb) Ssd 480gb 400w 80 Plus;['---']
Computador Gamer Alfatec Infinity Intel Core I7-6800k, Ram 32gb, Ssd 1tb, Rtx 3060, Windows 10;['---']
Placa De Vídeo Palit Nvidia Geforce Rtx 3070 Ti Gamingpro 8gb Gddr6x - Ned307t019p2-1046a;['---']
Placa De Video Galax, Geforce Rtx, 3090 Gf (1-click Oc) 24gb, Gddr 6x 384, Bits Dp 3 Hdmi - 39nsm5md1gna;['---']
Computador Gamer 3000 - I3 10105f 3.7ghz 10ª Ger. Water Cooler 120mm Mem. 8gb Ddr4 Hd 1tb Gtx 1650 4gb Fonte 550w;['---']
Placa De Vídeo Galax GeForce RTX 3070 Ti SG 1-Click 8gb GDRR6X 256bits 37ISM6MD4BSG;['---']
Placa De Vídeo Gainward Geforce Rtx 3060 Oc Pegasus 12gb - Ne63060s19k9-190a;['---']
Placa De Vídeo Asus Tuf Rtx 3060 Oc V2 12gb Gaming Lhr Gddr6 Rgb -  90yv0gc0-m0na10;['---']
Kit Upgrade Gamer Xtreme, Gigabyte B360m Aorus Gaming 3, I7-9700kf, Rtx 2060, 16gb Ddr4 2666mhz;['---']
Kit Upgrade Gamer Xtreme, Gigabyte B360m Aorus Gaming 3, I7-9700f, Rtx 2060, 16gb Ddr4 2666mhz;['---']
Placa De Vídeo, Asus, Nvidia Geforce, Rtx 3070, Dual, 8gb, Gddr6;['---']
Placa De Vídeo, Palit, Geforce, Rtx 3090 Gamingpro, 24gb, Gddr6x,  Ned3090019sb-132ba;['---']
Placa De Vídeo Palit Geforce Rtx 3090 Game Rock 24gb Gddr6x - Ned3090t19sb-1021g;['---']
Placa De Video Asus Geforce Rtx 3090 Tuf Gaming 24gb Gddr6x 384 Bits - Tuf-rtx3090-o24g-gaming;['---']
Pc Gamer Neologic Nl82213 Intel I7 10700 8gb (rtx 3060 12gb) Ssd 240gb Hd 1tb 600w 80 Plus;['---']
Par De Helice Drone Dji Matrice 300 Rtk 2110 (cw + Ccw) - Paralelo;['---']
Pc Gamer Amd Ryzen 5 3600 Rtx 3060 12gb Ram 16gb Hd 1tb Ssd 120gb;['---']
Pc Gamer Amd Ryzen 7 5800x Rtx 2060 6gb Ram 16gb Hd 1tb Ssd 240gb;['---']
Computador Gamer Intel I5 10400f Rtx 3070 Ti 8gb Ram 16gb Hd 1tb Ssd 120gb;['---']
Pc Gamer Amd Ryzen 5 3600 Gtx 1660 Super 6gb Ram 16gb Hd 1tb Ssd 120gb;['---']
Pc Gamer Amd Ryzen 5 5600x Rtx 3070 Ti 8gb Ram 16gb Hd 1tb Ssd 240gb;['---']
Computador Gamer Intel I5 10400f, Rtx 3060 12gb, Ram 16gb, Hd 1tb, Ssd 120gb;['---']
Computador Gamer Intel I5 10400f, Rtx 2060 6gb, Ram 16gb, Hd 1tb, Ssd 240gb;['---']
Computador Gamer Amd Ryzen 5 3600, Gtx 1650 4gb, Ram 8gb, Hd 1tb, Ssd 120gb;['---']
Computador Gamer Amd Ryzen 5 3600, Rtx 2060 6gb, Ram 16gb, Hd 1tb, Ssd 240gb;['---']
Pc Gamer Fácil Amd Ryzen 5 3600 8gb Ddr4 Gtx 1650 4gb Ssd 480gb Fonte 500w;['---']
Pc Gamer Fácil Amd Ryzen 5 3600 8gb Ddr4 Gtx 1050ti Hd 1tb Fonte 500w;['---']
Pc Gamer Fácil Amd Ryzen 5 3600 16gb Ddr4 Gtx 1050ti 4gb Hd 1tb Fonte 500w;['---']
Pc Gamer Fácil Amd Ryzen 5 3600 8gb Ddr4 Gtx 1050ti 4gb Ssd 480gb Fonte 500w;['---']
Pc Gamer Fácil Amd Ryzen 5 3600 8gb Ddr4 Gtx 1650 4gb Hd 500gb Fonte 500w;['---']
Pc Gamer Ryzen 3600 - Asus Prime A320m-k/br, 16gb Ddr4, Ssd 240gb, Geforce Gtx 1660 Super;['---']
